,Train_Acc,Train_Loss,Test_Acc,Test_Loss,AUC,TN,FP,FN,TP
0,72.44051731676903,0.1971653745497935,72.5478221469238,0.195888965226914,0.6440233068043238,36826.0,0.0,13935.0,0.0
1,72.52241424946084,0.18374464941286264,72.57343235948859,0.1831096360128316,0.6916958017310082,34861.0,1965.0,11957.0,1978.0
2,79.56383501470245,0.15960780251268716,79.590630602234,0.15888324314198846,0.7758321218934119,34932.0,1894.0,8466.0,5469.0
3,80.79988315133579,0.14725458361278626,80.75885029845747,0.14718860997393346,0.7921290643256427,35180.0,1646.0,8121.0,5814.0
